log_time,fuente,hora_inicio,hora_fin,registros,archivo,duracion_segundos,resultado,error,mensaje
2025-05-31 13:44:04+02:00,RAWG,11:43:49,11:44:04,400,rawg_games.parquet,15.54,Ã‰xito,,2025-05-31 11:44:04 - INFO - ğŸ” Fuente: RAWG | ğŸ•’ Inicio: 11:43:49 | ğŸ•• Fin: 11:44:04 | ğŸ“Š Registros: 400 | ğŸ“ Archivo: rawg_games.parquet | â± Tiempo total: 15.54 s | ğŸ“Œ Resultado: Ã‰xito
2025-05-31 13:44:43+02:00,Giant Bomb,11:44:04,11:44:43,300,giantbomb_games.parquet,38.67,Ã‰xito,,2025-05-31 11:44:43 - INFO - ğŸ” Fuente: Giant Bomb | ğŸ•’ Inicio: 11:44:04 | ğŸ•• Fin: 11:44:43 | ğŸ“Š Registros: 300 | ğŸ“ Archivo: giantbomb_games.parquet | â± Tiempo total: 38.67 s | ğŸ“Œ Resultado: Ã‰xito
2025-05-31 13:44:43+02:00,PokÃ©mon Showdown - Pokedex,11:44:43,11:44:43,1425,pokemon_pokedex.parquet,0.3,Ã‰xito,,2025-05-31 11:44:43 - INFO - ğŸ” Fuente: PokÃ©mon Showdown - Pokedex | ğŸ•’ Inicio: 11:44:43 | ğŸ•• Fin: 11:44:43 | ğŸ“Š Registros: 1425 | ğŸ“ Archivo: pokemon_pokedex.parquet | â± Tiempo total: 0.3 s | ğŸ“Œ Resultado: Ã‰xito
2025-05-31 13:44:43+02:00,PokÃ©mon Showdown - Ladder,11:44:43,11:44:43,500,pokemon_ladder.parquet,0.19,Ã‰xito,,2025-05-31 11:44:43 - INFO - ğŸ” Fuente: PokÃ©mon Showdown - Ladder | ğŸ•’ Inicio: 11:44:43 | ğŸ•• Fin: 11:44:43 | ğŸ“Š Registros: 500 | ğŸ“ Archivo: pokemon_ladder.parquet | â± Tiempo total: 0.19 s | ğŸ“Œ Resultado: Ã‰xito
2025-05-31 13:44:44+02:00,PokÃ©mon Showdown - Moves,11:44:43,11:44:44,952,pokemon_moves.parquet,0.44,Ã‰xito,,2025-05-31 11:44:44 - INFO - ğŸ” Fuente: PokÃ©mon Showdown - Moves | ğŸ•’ Inicio: 11:44:43 | ğŸ•• Fin: 11:44:44 | ğŸ“Š Registros: 952 | ğŸ“ Archivo: pokemon_moves.parquet | â± Tiempo total: 0.44 s | ğŸ“Œ Resultado: Ã‰xito
2025-05-31 13:46:00+02:00,RAWG,11:45:24,11:46:00,800,rawg_games.parquet,35.93,Ã‰xito,,2025-05-31 11:46:00 - INFO - ğŸ” Fuente: RAWG | ğŸ•’ Inicio: 11:45:24 | ğŸ•• Fin: 11:46:00 | ğŸ“Š Registros: 800 | ğŸ“ Archivo: rawg_games.parquet | â± Tiempo total: 35.93 s | ğŸ“Œ Resultado: Ã‰xito
2025-05-31 13:46:47+02:00,Giant Bomb,11:46:00,11:46:47,700,giantbomb_games.parquet,46.13,Ã‰xito,,2025-05-31 11:46:47 - INFO - ğŸ” Fuente: Giant Bomb | ğŸ•’ Inicio: 11:46:00 | ğŸ•• Fin: 11:46:47 | ğŸ“Š Registros: 700 | ğŸ“ Archivo: giantbomb_games.parquet | â± Tiempo total: 46.13 s | ğŸ“Œ Resultado: Ã‰xito
2025-05-31 13:46:47+02:00,PokÃ©mon Showdown - Pokedex,11:46:47,11:46:47,1425,pokemon_pokedex.parquet,0.3,Ã‰xito,,2025-05-31 11:46:47 - INFO - ğŸ” Fuente: PokÃ©mon Showdown - Pokedex | ğŸ•’ Inicio: 11:46:47 | ğŸ•• Fin: 11:46:47 | ğŸ“Š Registros: 1425 | ğŸ“ Archivo: pokemon_pokedex.parquet | â± Tiempo total: 0.3 s | ğŸ“Œ Resultado: Ã‰xito
2025-05-31 13:46:47+02:00,PokÃ©mon Showdown - Ladder,11:46:47,11:46:47,500,pokemon_ladder.parquet,0.17,Ã‰xito,,2025-05-31 11:46:47 - INFO - ğŸ” Fuente: PokÃ©mon Showdown - Ladder | ğŸ•’ Inicio: 11:46:47 | ğŸ•• Fin: 11:46:47 | ğŸ“Š Registros: 500 | ğŸ“ Archivo: pokemon_ladder.parquet | â± Tiempo total: 0.17 s | ğŸ“Œ Resultado: Ã‰xito
2025-05-31 13:46:47+02:00,PokÃ©mon Showdown - Moves,11:46:47,11:46:47,952,pokemon_moves.parquet,0.33,Ã‰xito,,2025-05-31 11:46:47 - INFO - ğŸ” Fuente: PokÃ©mon Showdown - Moves | ğŸ•’ Inicio: 11:46:47 | ğŸ•• Fin: 11:46:47 | ğŸ“Š Registros: 952 | ğŸ“ Archivo: pokemon_moves.parquet | â± Tiempo total: 0.33 s | ğŸ“Œ Resultado: Ã‰xito
2025-05-31 13:50:21+02:00,RAWG,11:49:44,11:50:21,800,rawg_games.parquet,36.47,Ã‰xito,,2025-05-31 11:50:21 - INFO - ğŸ” Fuente: RAWG | ğŸ•’ Inicio: 11:49:44 | ğŸ•• Fin: 11:50:21 | ğŸ“Š Registros: 800 | ğŸ“ Archivo: rawg_games.parquet | â± Tiempo total: 36.47 s | ğŸ“Œ Resultado: Ã‰xito
2025-05-31 13:52:53+02:00,Giant Bomb,11:50:21,11:52:53,2000,giantbomb_games.parquet,152.2,Ã‰xito,,2025-05-31 11:52:53 - INFO - ğŸ” Fuente: Giant Bomb | ğŸ•’ Inicio: 11:50:21 | ğŸ•• Fin: 11:52:53 | ğŸ“Š Registros: 2000 | ğŸ“ Archivo: giantbomb_games.parquet | â± Tiempo total: 152.2 s | ğŸ“Œ Resultado: Ã‰xito
2025-05-31 13:52:53+02:00,PokÃ©mon Showdown - Pokedex,11:52:53,11:52:53,1425,pokemon_pokedex.parquet,0.52,Ã‰xito,,2025-05-31 11:52:53 - INFO - ğŸ” Fuente: PokÃ©mon Showdown - Pokedex | ğŸ•’ Inicio: 11:52:53 | ğŸ•• Fin: 11:52:53 | ğŸ“Š Registros: 1425 | ğŸ“ Archivo: pokemon_pokedex.parquet | â± Tiempo total: 0.52 s | ğŸ“Œ Resultado: Ã‰xito
2025-05-31 13:52:54+02:00,PokÃ©mon Showdown - Ladder,11:52:53,11:52:54,500,pokemon_ladder.parquet,0.19,Ã‰xito,,2025-05-31 11:52:54 - INFO - ğŸ” Fuente: PokÃ©mon Showdown - Ladder | ğŸ•’ Inicio: 11:52:53 | ğŸ•• Fin: 11:52:54 | ğŸ“Š Registros: 500 | ğŸ“ Archivo: pokemon_ladder.parquet | â± Tiempo total: 0.19 s | ğŸ“Œ Resultado: Ã‰xito
2025-05-31 13:52:54+02:00,PokÃ©mon Showdown - Moves,11:52:54,11:52:54,952,pokemon_moves.parquet,0.41,Ã‰xito,,2025-05-31 11:52:54 - INFO - ğŸ” Fuente: PokÃ©mon Showdown - Moves | ğŸ•’ Inicio: 11:52:54 | ğŸ•• Fin: 11:52:54 | ğŸ“Š Registros: 952 | ğŸ“ Archivo: pokemon_moves.parquet | â± Tiempo total: 0.41 s | ğŸ“Œ Resultado: Ã‰xito
2025-05-31 14:00:05+02:00,RAWG,11:57:23,12:00:05,4000,rawg_games.parquet,162.27,Ã‰xito,,2025-05-31 12:00:05 - INFO - ğŸ” Fuente: RAWG | ğŸ•’ Inicio: 11:57:23 | ğŸ•• Fin: 12:00:05 | ğŸ“Š Registros: 4000 | ğŸ“ Archivo: rawg_games.parquet | â± Tiempo total: 162.27 s | ğŸ“Œ Resultado: Ã‰xito
2025-05-31 14:14:13+02:00,Giant Bomb,12:00:05,12:14:13,10000,giantbomb_games.parquet,848.32,Ã‰xito,,2025-05-31 12:14:13 - INFO - ğŸ” Fuente: Giant Bomb | ğŸ•’ Inicio: 12:00:05 | ğŸ•• Fin: 12:14:13 | ğŸ“Š Registros: 10000 | ğŸ“ Archivo: giantbomb_games.parquet | â± Tiempo total: 848.32 s | ğŸ“Œ Resultado: Ã‰xito
2025-05-31 14:14:13+02:00,PokÃ©mon Showdown - Pokedex,12:14:13,12:14:13,1425,pokemon_pokedex.parquet,0.32,Ã‰xito,,2025-05-31 12:14:13 - INFO - ğŸ” Fuente: PokÃ©mon Showdown - Pokedex | ğŸ•’ Inicio: 12:14:13 | ğŸ•• Fin: 12:14:13 | ğŸ“Š Registros: 1425 | ğŸ“ Archivo: pokemon_pokedex.parquet | â± Tiempo total: 0.32 s | ğŸ“Œ Resultado: Ã‰xito
2025-05-31 14:14:14+02:00,PokÃ©mon Showdown - Ladder,12:14:13,12:14:14,500,pokemon_ladder.parquet,0.19,Ã‰xito,,2025-05-31 12:14:14 - INFO - ğŸ” Fuente: PokÃ©mon Showdown - Ladder | ğŸ•’ Inicio: 12:14:13 | ğŸ•• Fin: 12:14:14 | ğŸ“Š Registros: 500 | ğŸ“ Archivo: pokemon_ladder.parquet | â± Tiempo total: 0.19 s | ğŸ“Œ Resultado: Ã‰xito
2025-05-31 14:14:14+02:00,PokÃ©mon Showdown - Moves,12:14:14,12:14:14,952,pokemon_moves.parquet,0.33,Ã‰xito,,2025-05-31 12:14:14 - INFO - ğŸ” Fuente: PokÃ©mon Showdown - Moves | ğŸ•’ Inicio: 12:14:14 | ğŸ•• Fin: 12:14:14 | ğŸ“Š Registros: 952 | ğŸ“ Archivo: pokemon_moves.parquet | â± Tiempo total: 0.33 s | ğŸ“Œ Resultado: Ã‰xito
2025-05-31 14:23:23+02:00,RAWG,12:19:29,12:23:23,6000,rawg_games.parquet,233.43,Ã‰xito,,2025-05-31 12:23:23 - INFO - ğŸ” Fuente: RAWG | ğŸ•’ Inicio: 12:19:29 | ğŸ•• Fin: 12:23:23 | ğŸ“Š Registros: 6000 | ğŸ“ Archivo: rawg_games.parquet | â± Tiempo total: 233.43 s | ğŸ“Œ Resultado: Ã‰xito
2025-05-31 14:37:07+02:00,Giant Bomb,12:23:23,12:37:07,12200,giantbomb_games.parquet,824.23,Ã‰xito,,2025-05-31 12:37:07 - INFO - ğŸ” Fuente: Giant Bomb | ğŸ•’ Inicio: 12:23:23 | ğŸ•• Fin: 12:37:07 | ğŸ“Š Registros: 12200 | ğŸ“ Archivo: giantbomb_games.parquet | â± Tiempo total: 824.23 s | ğŸ“Œ Resultado: Ã‰xito
2025-05-31 14:37:07+02:00,PokÃ©mon Showdown - Pokedex,12:37:07,12:37:07,1425,pokemon_pokedex.parquet,0.33,Ã‰xito,,2025-05-31 12:37:07 - INFO - ğŸ” Fuente: PokÃ©mon Showdown - Pokedex | ğŸ•’ Inicio: 12:37:07 | ğŸ•• Fin: 12:37:07 | ğŸ“Š Registros: 1425 | ğŸ“ Archivo: pokemon_pokedex.parquet | â± Tiempo total: 0.33 s | ğŸ“Œ Resultado: Ã‰xito
2025-05-31 14:37:07+02:00,PokÃ©mon Showdown - Ladder,12:37:07,12:37:07,500,pokemon_ladder.parquet,0.18,Ã‰xito,,2025-05-31 12:37:07 - INFO - ğŸ” Fuente: PokÃ©mon Showdown - Ladder | ğŸ•’ Inicio: 12:37:07 | ğŸ•• Fin: 12:37:07 | ğŸ“Š Registros: 500 | ğŸ“ Archivo: pokemon_ladder.parquet | â± Tiempo total: 0.18 s | ğŸ“Œ Resultado: Ã‰xito
2025-05-31 14:37:08+02:00,PokÃ©mon Showdown - Moves,12:37:07,12:37:08,952,pokemon_moves.parquet,0.82,Ã‰xito,,2025-05-31 12:37:08 - INFO - ğŸ” Fuente: PokÃ©mon Showdown - Moves | ğŸ•’ Inicio: 12:37:07 | ğŸ•• Fin: 12:37:08 | ğŸ“Š Registros: 952 | ğŸ“ Archivo: pokemon_moves.parquet | â± Tiempo total: 0.82 s | ğŸ“Œ Resultado: Ã‰xito
2025-06-05 23:30:51+02:00,RAWG,21:27:36,21:30:51,6000,rawg_games.parquet,195.33,Ã‰xito,,2025-06-05 21:30:51 - INFO - ğŸ” Fuente: RAWG | ğŸ•’ Inicio: 21:27:36 | ğŸ•• Fin: 21:30:51 | ğŸ“Š Registros: 6000 | ğŸ“ Archivo: rawg_games.parquet | â± Tiempo total: 195.33 s | ğŸ“Œ Resultado: Ã‰xito
2025-06-05 23:45:34+02:00,Giant Bomb,21:30:51,21:45:34,15000,giantbomb_games.parquet,883.42,Ã‰xito,,2025-06-05 21:45:34 - INFO - ğŸ” Fuente: Giant Bomb | ğŸ•’ Inicio: 21:30:51 | ğŸ•• Fin: 21:45:34 | ğŸ“Š Registros: 15000 | ğŸ“ Archivo: giantbomb_games.parquet | â± Tiempo total: 883.42 s | ğŸ“Œ Resultado: Ã‰xito
2025-06-05 23:45:35+02:00,PokÃ©mon Showdown - Pokedex,21:45:34,21:45:35,1425,pokemon_pokedex.parquet,0.43,Ã‰xito,,2025-06-05 21:45:35 - INFO - ğŸ” Fuente: PokÃ©mon Showdown - Pokedex | ğŸ•’ Inicio: 21:45:34 | ğŸ•• Fin: 21:45:35 | ğŸ“Š Registros: 1425 | ğŸ“ Archivo: pokemon_pokedex.parquet | â± Tiempo total: 0.43 s | ğŸ“Œ Resultado: Ã‰xito
2025-06-05 23:45:35+02:00,PokÃ©mon Showdown - Ladder,21:45:35,21:45:35,500,pokemon_ladder.parquet,0.23,Ã‰xito,,2025-06-05 21:45:35 - INFO - ğŸ” Fuente: PokÃ©mon Showdown - Ladder | ğŸ•’ Inicio: 21:45:35 | ğŸ•• Fin: 21:45:35 | ğŸ“Š Registros: 500 | ğŸ“ Archivo: pokemon_ladder.parquet | â± Tiempo total: 0.23 s | ğŸ“Œ Resultado: Ã‰xito
2025-06-05 23:45:36+02:00,PokÃ©mon Showdown - Moves,21:45:35,21:45:36,952,pokemon_moves.parquet,0.51,Ã‰xito,,2025-06-05 21:45:36 - INFO - ğŸ” Fuente: PokÃ©mon Showdown - Moves | ğŸ•’ Inicio: 21:45:35 | ğŸ•• Fin: 21:45:36 | ğŸ“Š Registros: 952 | ğŸ“ Archivo: pokemon_moves.parquet | â± Tiempo total: 0.51 s | ğŸ“Œ Resultado: Ã‰xito
2025-06-05 23:53:23+02:00,PokÃ©mon Showdown - Pokedex,21:53:22,21:53:23,1425,pokemon_pokedex.parquet,1.08,Ã‰xito,,2025-06-05 21:53:23 - INFO - ğŸ” Fuente: PokÃ©mon Showdown - Pokedex | ğŸ•’ Inicio: 21:53:22 | ğŸ•• Fin: 21:53:23 | ğŸ“Š Registros: 1425 | ğŸ“ Archivo: pokemon_pokedex.parquet | â± Tiempo total: 1.08 s | ğŸ“Œ Resultado: Ã‰xito
2025-06-05 23:55:45+02:00,PokÃ©mon Showdown - Pokedex,21:55:42,21:55:45,1425,pokemon_pokedex.parquet,2.46,Ã‰xito,,2025-06-05 21:55:45 - INFO - ğŸ” Fuente: PokÃ©mon Showdown - Pokedex | ğŸ•’ Inicio: 21:55:42 | ğŸ•• Fin: 21:55:45 | ğŸ“Š Registros: 1425 | ğŸ“ Archivo: pokemon_pokedex.parquet | â± Tiempo total: 2.46 s | ğŸ“Œ Resultado: Ã‰xito
2025-06-05 23:57:38+02:00,PokÃ©mon Showdown - Pokedex,21:57:36,21:57:38,1425,pokemon_pokedex.parquet,1.8,Ã‰xito,,2025-06-05 21:57:38 - INFO - ğŸ” Fuente: PokÃ©mon Showdown - Pokedex | ğŸ•’ Inicio: 21:57:36 | ğŸ•• Fin: 21:57:38 | ğŸ“Š Registros: 1425 | ğŸ“ Archivo: pokemon_pokedex.parquet | â± Tiempo total: 1.8 s | ğŸ“Œ Resultado: Ã‰xito
2025-06-06 00:01:48+02:00,PokÃ©mon Showdown - Moves,22:01:47,22:01:48,952,pokemon_moves.parquet,1.02,Ã‰xito,,2025-06-05 22:01:48 - INFO - ğŸ” Fuente: PokÃ©mon Showdown - Moves | ğŸ•’ Inicio: 22:01:47 | ğŸ•• Fin: 22:01:48 | ğŸ“Š Registros: 952 | ğŸ“ Archivo: pokemon_moves.parquet | â± Tiempo total: 1.02 s | ğŸ“Œ Resultado: Ã‰xito
2025-06-06 00:03:20+02:00,PokÃ©mon Showdown - Moves,22:03:20,22:03:20,952,pokemon_moves.parquet,0.39,Ã‰xito,,2025-06-05 22:03:20 - INFO - ğŸ” Fuente: PokÃ©mon Showdown - Moves | ğŸ•’ Inicio: 22:03:20 | ğŸ•• Fin: 22:03:20 | ğŸ“Š Registros: 952 | ğŸ“ Archivo: pokemon_moves.parquet | â± Tiempo total: 0.39 s | ğŸ“Œ Resultado: Ã‰xito
2025-06-06 00:04:57+02:00,PokÃ©mon Showdown - Moves,22:04:57,22:04:57,952,pokemon_moves.parquet,0.48,Ã‰xito,,2025-06-05 22:04:57 - INFO - ğŸ” Fuente: PokÃ©mon Showdown - Moves | ğŸ•’ Inicio: 22:04:57 | ğŸ•• Fin: 22:04:57 | ğŸ“Š Registros: 952 | ğŸ“ Archivo: pokemon_moves.parquet | â± Tiempo total: 0.48 s | ğŸ“Œ Resultado: Ã‰xito
2025-06-06 00:06:16+02:00,PokÃ©mon Showdown - Moves,22:06:15,22:06:16,952,pokemon_moves.parquet,0.52,Ã‰xito,,2025-06-05 22:06:16 - INFO - ğŸ” Fuente: PokÃ©mon Showdown - Moves | ğŸ•’ Inicio: 22:06:15 | ğŸ•• Fin: 22:06:16 | ğŸ“Š Registros: 952 | ğŸ“ Archivo: pokemon_moves.parquet | â± Tiempo total: 0.52 s | ğŸ“Œ Resultado: Ã‰xito
2025-06-06 00:07:00+02:00,PokÃ©mon Showdown - Moves,22:07:00,22:07:00,952,pokemon_moves.parquet,0.52,Ã‰xito,,2025-06-05 22:07:00 - INFO - ğŸ” Fuente: PokÃ©mon Showdown - Moves | ğŸ•’ Inicio: 22:07:00 | ğŸ•• Fin: 22:07:00 | ğŸ“Š Registros: 952 | ğŸ“ Archivo: pokemon_moves.parquet | â± Tiempo total: 0.52 s | ğŸ“Œ Resultado: Ã‰xito
2025-06-06 00:07:58+02:00,PokÃ©mon Showdown - Moves,22:07:58,22:07:58,952,pokemon_moves.parquet,0.5,Ã‰xito,,2025-06-05 22:07:58 - INFO - ğŸ” Fuente: PokÃ©mon Showdown - Moves | ğŸ•’ Inicio: 22:07:58 | ğŸ•• Fin: 22:07:58 | ğŸ“Š Registros: 952 | ğŸ“ Archivo: pokemon_moves.parquet | â± Tiempo total: 0.5 s | ğŸ“Œ Resultado: Ã‰xito
2025-06-06 00:10:03+02:00,PokÃ©mon Showdown - Moves,22:10:02,22:10:03,952,pokemon_moves.parquet,0.62,Ã‰xito,,2025-06-05 22:10:03 - INFO - ğŸ” Fuente: PokÃ©mon Showdown - Moves | ğŸ•’ Inicio: 22:10:02 | ğŸ•• Fin: 22:10:03 | ğŸ“Š Registros: 952 | ğŸ“ Archivo: pokemon_moves.parquet | â± Tiempo total: 0.62 s | ğŸ“Œ Resultado: Ã‰xito
2025-06-06 00:20:47+02:00,RAWG,22:18:43,22:20:47,3240,rawg_games.parquet,123.98,Ã‰xito,,2025-06-05 22:20:47 - INFO - ğŸ” Fuente: RAWG | ğŸ•’ Inicio: 22:18:43 | ğŸ•• Fin: 22:20:47 | ğŸ“Š Registros: 3240 | ğŸ“ Archivo: rawg_games.parquet | â± Tiempo total: 123.98 s | ğŸ“Œ Resultado: Ã‰xito
2025-06-06 00:25:46+02:00,Giant Bomb,22:20:52,22:25:46,5000,giantbomb_games.parquet,294.39,Ã‰xito,,2025-06-05 22:25:46 - INFO - ğŸ” Fuente: Giant Bomb | ğŸ•’ Inicio: 22:20:52 | ğŸ•• Fin: 22:25:46 | ğŸ“Š Registros: 5000 | ğŸ“ Archivo: giantbomb_games.parquet | â± Tiempo total: 294.39 s | ğŸ“Œ Resultado: Ã‰xito
2025-06-06 00:30:09+02:00,RAWG,22:30:04,22:30:09,80,rawg_games.parquet,4.19,Ã‰xito,,2025-06-05 22:30:09 - INFO - ğŸ” Fuente: RAWG | ğŸ•’ Inicio: 22:30:04 | ğŸ•• Fin: 22:30:09 | ğŸ“Š Registros: 80 | ğŸ“ Archivo: rawg_games.parquet | â± Tiempo total: 4.19 s | ğŸ“Œ Resultado: Ã‰xito
2025-06-06 00:30:17+02:00,RAWG,22:30:16,22:30:17,0,rawg_games.parquet,1.07,Ã‰xito,,2025-06-05 22:30:17 - INFO - ğŸ” Fuente: RAWG | ğŸ•’ Inicio: 22:30:16 | ğŸ•• Fin: 22:30:17 | ğŸ“Š Registros: 0 | ğŸ“ Archivo: rawg_games.parquet | â± Tiempo total: 1.07 s | ğŸ“Œ Resultado: Ã‰xito
2025-06-06 00:30:47+02:00,RAWG,22:30:46,22:30:47,0,rawg_games.parquet,1.35,Ã‰xito,,2025-06-05 22:30:47 - INFO - ğŸ” Fuente: RAWG | ğŸ•’ Inicio: 22:30:46 | ğŸ•• Fin: 22:30:47 | ğŸ“Š Registros: 0 | ğŸ“ Archivo: rawg_games.parquet | â± Tiempo total: 1.35 s | ğŸ“Œ Resultado: Ã‰xito
2025-06-06 00:31:09+02:00,RAWG,22:31:07,22:31:09,0,rawg_games.csv,1.61,Ã‰xito,,2025-06-05 22:31:09 - INFO - ğŸ” Fuente: RAWG | ğŸ•’ Inicio: 22:31:07 | ğŸ•• Fin: 22:31:09 | ğŸ“Š Registros: 0 | ğŸ“ Archivo: rawg_games.csv | â± Tiempo total: 1.61 s | ğŸ“Œ Resultado: Ã‰xito
2025-06-06 00:31:10+02:00,RAWG,22:31:09,22:31:10,0,rawg_games.parquet,0.99,Ã‰xito,,2025-06-05 22:31:10 - INFO - ğŸ” Fuente: RAWG | ğŸ•’ Inicio: 22:31:09 | ğŸ•• Fin: 22:31:10 | ğŸ“Š Registros: 0 | ğŸ“ Archivo: rawg_games.parquet | â± Tiempo total: 0.99 s | ğŸ“Œ Resultado: Ã‰xito
2025-06-06 00:34:01+02:00,RAWG,22:34:00,22:34:01,0,rawg_games.csv,1.05,Ã‰xito,,2025-06-05 22:34:01 - INFO - ğŸ” Fuente: RAWG | ğŸ•’ Inicio: 22:34:00 | ğŸ•• Fin: 22:34:01 | ğŸ“Š Registros: 0 | ğŸ“ Archivo: rawg_games.csv | â± Tiempo total: 1.05 s | ğŸ“Œ Resultado: Ã‰xito
2025-06-06 00:34:02+02:00,RAWG,22:34:01,22:34:02,0,rawg_games.parquet,1.23,Ã‰xito,,2025-06-05 22:34:02 - INFO - ğŸ” Fuente: RAWG | ğŸ•’ Inicio: 22:34:01 | ğŸ•• Fin: 22:34:02 | ğŸ“Š Registros: 0 | ğŸ“ Archivo: rawg_games.parquet | â± Tiempo total: 1.23 s | ğŸ“Œ Resultado: Ã‰xito
2025-06-06 00:36:04+02:00,RAWG,22:36:00,22:36:04,80,rawg_games.csv,3.91,Ã‰xito,,2025-06-05 22:36:04 - INFO - ğŸ” Fuente: RAWG | ğŸ•’ Inicio: 22:36:00 | ğŸ•• Fin: 22:36:04 | ğŸ“Š Registros: 80 | ğŸ“ Archivo: rawg_games.csv | â± Tiempo total: 3.91 s | ğŸ“Œ Resultado: Ã‰xito
2025-06-06 00:36:11+02:00,RAWG,22:36:10,22:36:11,0,rawg_games.csv,0.95,Fallo,DataFrame vacÃ­o,2025-06-05 22:36:11 - INFO - ğŸ” Fuente: RAWG | ğŸ•’ Inicio: 22:36:10 | ğŸ•• Fin: 22:36:11 | ğŸ“Š Registros: 0 | ğŸ“ Archivo: rawg_games.csv | â± Tiempo total: 0.95 s | ğŸ“Œ Resultado: Fallo | âš ï¸ Error: DataFrame vacÃ­o
2025-06-06 00:36:12+02:00,RAWG,22:36:11,22:36:12,0,rawg_games.parquet,1.04,Ã‰xito,,2025-06-05 22:36:12 - INFO - ğŸ” Fuente: RAWG | ğŸ•’ Inicio: 22:36:11 | ğŸ•• Fin: 22:36:12 | ğŸ“Š Registros: 0 | ğŸ“ Archivo: rawg_games.parquet | â± Tiempo total: 1.04 s | ğŸ“Œ Resultado: Ã‰xito
2025-06-06 00:36:34+02:00,RAWG,22:36:27,22:36:34,80,rawg_games.csv,6.58,Ã‰xito,,2025-06-05 22:36:34 - INFO - ğŸ” Fuente: RAWG | ğŸ•’ Inicio: 22:36:27 | ğŸ•• Fin: 22:36:34 | ğŸ“Š Registros: 80 | ğŸ“ Archivo: rawg_games.csv | â± Tiempo total: 6.58 s | ğŸ“Œ Resultado: Ã‰xito
2025-06-06 00:39:02+02:00,RAWG,22:38:43,22:39:02,440,rawg_games.parquet,19.28,Ã‰xito,,2025-06-05 22:39:02 - INFO - ğŸ” Fuente: RAWG | ğŸ•’ Inicio: 22:38:43 | ğŸ•• Fin: 22:39:02 | ğŸ“Š Registros: 440 | ğŸ“ Archivo: rawg_games.parquet | â± Tiempo total: 19.28 s | ğŸ“Œ Resultado: Ã‰xito
2025-06-06 00:39:15+02:00,RAWG,22:39:08,22:39:15,200,rawg_games.parquet,7.29,Ã‰xito,,2025-06-05 22:39:15 - INFO - ğŸ” Fuente: RAWG | ğŸ•’ Inicio: 22:39:08 | ğŸ•• Fin: 22:39:15 | ğŸ“Š Registros: 200 | ğŸ“ Archivo: rawg_games.parquet | â± Tiempo total: 7.29 s | ğŸ“Œ Resultado: Ã‰xito
2025-06-06 00:40:36+02:00,RAWG,22:40:29,22:40:36,200,rawg_games.csv,6.89,Ã‰xito,,2025-06-05 22:40:36 - INFO - ğŸ” Fuente: RAWG | ğŸ•’ Inicio: 22:40:29 | ğŸ•• Fin: 22:40:36 | ğŸ“Š Registros: 200 | ğŸ“ Archivo: rawg_games.csv | â± Tiempo total: 6.89 s | ğŸ“Œ Resultado: Ã‰xito
2025-06-06 00:40:44+02:00,RAWG,22:40:36,22:40:44,200,rawg_games.parquet,8.46,Ã‰xito,,2025-06-05 22:40:44 - INFO - ğŸ” Fuente: RAWG | ğŸ•’ Inicio: 22:40:36 | ğŸ•• Fin: 22:40:44 | ğŸ“Š Registros: 200 | ğŸ“ Archivo: rawg_games.parquet | â± Tiempo total: 8.46 s | ğŸ“Œ Resultado: Ã‰xito
2025-06-06 00:44:38+02:00,RAWG,22:44:31,22:44:38,968,rawg_games.csv,7.1,Ã‰xito,,2025-06-05 22:44:38 - INFO - ğŸ” Fuente: RAWG | ğŸ•’ Inicio: 22:44:31 | ğŸ•• Fin: 22:44:38 | ğŸ“Š Registros: 968 | ğŸ“ Archivo: rawg_games.csv | â± Tiempo total: 7.1 s | ğŸ“Œ Resultado: Ã‰xito
2025-06-06 00:44:48+02:00,RAWG,22:44:38,22:44:48,968,rawg_games.parquet,9.74,Ã‰xito,,2025-06-05 22:44:48 - INFO - ğŸ” Fuente: RAWG | ğŸ•’ Inicio: 22:44:38 | ğŸ•• Fin: 22:44:48 | ğŸ“Š Registros: 968 | ğŸ“ Archivo: rawg_games.parquet | â± Tiempo total: 9.74 s | ğŸ“Œ Resultado: Ã‰xito
2025-06-06 00:47:18+02:00,RAWG,22:45:48,22:47:18,9652,rawg_games.csv,89.64,Ã‰xito,,2025-06-05 22:47:18 - INFO - ğŸ” Fuente: RAWG | ğŸ•’ Inicio: 22:45:48 | ğŸ•• Fin: 22:47:18 | ğŸ“Š Registros: 9652 | ğŸ“ Archivo: rawg_games.csv | â± Tiempo total: 89.64 s | ğŸ“Œ Resultado: Ã‰xito
2025-06-06 00:50:38+02:00,RAWG,22:47:18,22:50:38,20068,rawg_games.parquet,200.22,Ã‰xito,,2025-06-05 22:50:38 - INFO - ğŸ” Fuente: RAWG | ğŸ•’ Inicio: 22:47:18 | ğŸ•• Fin: 22:50:38 | ğŸ“Š Registros: 20068 | ğŸ“ Archivo: rawg_games.parquet | â± Tiempo total: 200.22 s | ğŸ“Œ Resultado: Ã‰xito
2025-06-06 00:51:05+02:00,Giant Bomb,22:50:38,22:51:05,0,giantbomb_games.csv,26.76,Fallo,'NoneType' object is not iterable,2025-06-05 22:51:05 - INFO - ğŸ” Fuente: Giant Bomb | ğŸ•’ Inicio: 22:50:38 | ğŸ•• Fin: 22:51:05 | ğŸ“Š Registros: 0 | ğŸ“ Archivo: giantbomb_games.csv | â± Tiempo total: 26.76 s | ğŸ“Œ Resultado: Fallo | âš ï¸ Error: 'NoneType' object is not iterable
2025-06-06 00:51:25+02:00,Giant Bomb,22:51:05,22:51:25,0,giantbomb_games.parquet,20.34,Fallo,'NoneType' object is not iterable,2025-06-05 22:51:25 - INFO - ğŸ” Fuente: Giant Bomb | ğŸ•’ Inicio: 22:51:05 | ğŸ•• Fin: 22:51:25 | ğŸ“Š Registros: 0 | ğŸ“ Archivo: giantbomb_games.parquet | â± Tiempo total: 20.34 s | ğŸ“Œ Resultado: Fallo | âš ï¸ Error: 'NoneType' object is not iterable
2025-06-06 00:56:02+02:00,Giant Bomb,22:55:45,22:56:02,500,giantbomb_games.csv,17.19,Ã‰xito,,2025-06-05 22:56:02 - INFO - ğŸ” Fuente: Giant Bomb | ğŸ•’ Inicio: 22:55:45 | ğŸ•• Fin: 22:56:02 | ğŸ“Š Registros: 500 | ğŸ“ Archivo: giantbomb_games.csv | â± Tiempo total: 17.19 s | ğŸ“Œ Resultado: Ã‰xito
2025-06-06 00:56:19+02:00,Giant Bomb,22:56:02,22:56:19,500,giantbomb_games.parquet,17.21,Ã‰xito,,2025-06-05 22:56:19 - INFO - ğŸ” Fuente: Giant Bomb | ğŸ•’ Inicio: 22:56:02 | ğŸ•• Fin: 22:56:19 | ğŸ“Š Registros: 500 | ğŸ“ Archivo: giantbomb_games.parquet | â± Tiempo total: 17.21 s | ğŸ“Œ Resultado: Ã‰xito
2025-06-06 01:01:02+02:00,Giant Bomb,23:00:44,23:01:02,0,giantbomb_games.csv,17.41,Fallo,'NoneType' object is not iterable,2025-06-05 23:01:02 - INFO - ğŸ” Fuente: Giant Bomb | ğŸ•’ Inicio: 23:00:44 | ğŸ•• Fin: 23:01:02 | ğŸ“Š Registros: 0 | ğŸ“ Archivo: giantbomb_games.csv | â± Tiempo total: 17.41 s | ğŸ“Œ Resultado: Fallo | âš ï¸ Error: 'NoneType' object is not iterable
2025-06-06 01:01:19+02:00,Giant Bomb,23:01:02,23:01:19,0,giantbomb_games.parquet,17.37,Fallo,'NoneType' object is not iterable,2025-06-05 23:01:19 - INFO - ğŸ” Fuente: Giant Bomb | ğŸ•’ Inicio: 23:01:02 | ğŸ•• Fin: 23:01:19 | ğŸ“Š Registros: 0 | ğŸ“ Archivo: giantbomb_games.parquet | â± Tiempo total: 17.37 s | ğŸ“Œ Resultado: Fallo | âš ï¸ Error: 'NoneType' object is not iterable
2025-06-06 01:02:46+02:00,Giant Bomb,23:02:28,23:02:46,500,giantbomb_games.parquet,17.72,Ã‰xito,,2025-06-05 23:02:46 - INFO - ğŸ” Fuente: Giant Bomb | ğŸ•’ Inicio: 23:02:28 | ğŸ•• Fin: 23:02:46 | ğŸ“Š Registros: 500 | ğŸ“ Archivo: giantbomb_games.parquet | â± Tiempo total: 17.72 s | ğŸ“Œ Resultado: Ã‰xito
2025-06-06 01:05:02+02:00,Giant Bomb,23:04:44,23:05:02,1945,giantbomb_games.parquet,17.79,Ã‰xito,,2025-06-05 23:05:02 - INFO - ğŸ” Fuente: Giant Bomb | ğŸ•’ Inicio: 23:04:44 | ğŸ•• Fin: 23:05:02 | ğŸ“Š Registros: 1945 | ğŸ“ Archivo: giantbomb_games.parquet | â± Tiempo total: 17.79 s | ğŸ“Œ Resultado: Ã‰xito
2025-06-06 01:17:46+02:00,Giant Bomb,23:05:55,23:17:46,50839,giantbomb_games.parquet,711.38,Ã‰xito,,2025-06-05 23:17:46 - INFO - ğŸ” Fuente: Giant Bomb | ğŸ•’ Inicio: 23:05:55 | ğŸ•• Fin: 23:17:46 | ğŸ“Š Registros: 50839 | ğŸ“ Archivo: giantbomb_games.parquet | â± Tiempo total: 711.38 s | ğŸ“Œ Resultado: Ã‰xito
2025-06-06 01:17:48+02:00,PokÃ©mon Showdown - Pokedex,23:17:46,23:17:48,1425,pokemon_pokedex.parquet,2.26,Ã‰xito,,2025-06-05 23:17:48 - INFO - ğŸ” Fuente: PokÃ©mon Showdown - Pokedex | ğŸ•’ Inicio: 23:17:46 | ğŸ•• Fin: 23:17:48 | ğŸ“Š Registros: 1425 | ğŸ“ Archivo: pokemon_pokedex.parquet | â± Tiempo total: 2.26 s | ğŸ“Œ Resultado: Ã‰xito
2025-06-06 01:17:49+02:00,PokÃ©mon Showdown - Ladder,23:17:48,23:17:49,500,pokemon_ladder.parquet,0.25,Ã‰xito,,2025-06-05 23:17:49 - INFO - ğŸ” Fuente: PokÃ©mon Showdown - Ladder | ğŸ•’ Inicio: 23:17:48 | ğŸ•• Fin: 23:17:49 | ğŸ“Š Registros: 500 | ğŸ“ Archivo: pokemon_ladder.parquet | â± Tiempo total: 0.25 s | ğŸ“Œ Resultado: Ã‰xito
2025-06-06 01:17:49+02:00,PokÃ©mon Showdown - Moves,23:17:49,23:17:49,952,pokemon_moves.parquet,0.44,Ã‰xito,,2025-06-05 23:17:49 - INFO - ğŸ” Fuente: PokÃ©mon Showdown - Moves | ğŸ•’ Inicio: 23:17:49 | ğŸ•• Fin: 23:17:49 | ğŸ“Š Registros: 952 | ğŸ“ Archivo: pokemon_moves.parquet | â± Tiempo total: 0.44 s | ğŸ“Œ Resultado: Ã‰xito
